               epoch,      train/box_loss,      train/obj_loss,      train/cls_loss,   metrics/precision,      metrics/recall,     metrics/mAP_0.5,metrics/mAP_0.5:0.95,        val/box_loss,        val/obj_loss,        val/cls_loss,               x/lr0,               x/lr1,               x/lr2
                   0,             0.12313,              0.1776,            0.071112,            0.090483,            0.016082,           0.0027983,          0.00067811,             0.11344,             0.35153,            0.073004,              0.0802,              0.0022,              0.0022
                   1,             0.09715,              0.1796,            0.065567,             0.19772,            0.077828,            0.017864,           0.0043099,            0.097693,             0.41967,            0.065021,            0.059485,           0.0044852,           0.0044852
                   2,            0.085702,             0.19051,            0.063352,             0.11718,             0.12701,            0.029691,           0.0077243,             0.08356,             0.22416,            0.063275,            0.038755,           0.0067551,           0.0067551
                   3,            0.083918,             0.19043,             0.06278,             0.19382,             0.10015,            0.019853,           0.0067138,            0.092797,             0.24751,            0.062805,             0.01801,           0.0090099,           0.0090099
                   4,            0.080498,             0.19375,            0.062682,            0.071999,             0.32218,             0.06761,            0.029448,            0.069865,             0.21617,            0.062537,            0.009868,            0.009868,            0.009868
                   5,             0.07661,             0.19671,            0.062298,            0.057937,              0.2674,            0.053456,            0.020988,            0.073299,             0.22777,            0.062354,            0.009868,            0.009868,            0.009868
                   6,            0.071967,             0.18649,            0.062338,            0.066253,              0.2897,            0.057006,            0.022663,             0.07227,             0.23782,            0.062152,            0.009835,            0.009835,            0.009835
                   7,            0.070282,             0.18273,            0.062088,            0.073171,             0.33785,            0.066937,            0.029077,            0.067737,             0.24657,            0.061945,            0.009802,            0.009802,            0.009802
                   8,              0.0662,             0.18651,            0.061866,            0.076297,             0.35402,            0.076009,            0.035282,            0.070186,             0.23808,             0.06167,            0.009769,            0.009769,            0.009769
                   9,            0.065342,              0.1865,             0.06162,            0.087339,             0.44373,            0.088702,             0.03556,            0.064477,             0.23138,            0.061542,            0.009736,            0.009736,            0.009736
                  10,            0.064249,             0.17831,            0.061633,             0.08102,             0.38115,            0.084148,            0.040906,            0.065885,             0.22921,            0.061316,            0.009703,            0.009703,            0.009703
                  11,            0.062191,              0.1782,            0.061199,            0.088275,             0.40931,             0.10416,            0.055152,            0.061326,             0.22277,             0.06098,             0.00967,             0.00967,             0.00967
                  12,            0.062272,             0.17177,             0.06105,             0.09129,             0.44713,             0.12049,            0.060167,            0.061794,             0.22996,            0.060724,            0.009637,            0.009637,            0.009637
                  13,            0.060954,             0.17187,            0.060828,            0.086325,             0.35541,              0.1088,            0.054504,            0.067528,             0.24045,            0.060168,            0.009604,            0.009604,            0.009604
                  14,            0.060767,             0.17447,            0.060026,            0.094582,             0.41411,             0.13747,            0.066572,            0.062943,             0.23019,            0.059497,            0.009571,            0.009571,            0.009571
                  15,            0.059655,             0.17351,              0.0591,             0.11747,              0.4982,             0.17903,            0.083973,            0.061361,             0.23583,            0.058713,            0.009538,            0.009538,            0.009538
                  16,            0.059641,             0.17867,            0.058345,             0.19546,             0.43944,             0.20305,             0.11088,            0.057527,             0.21926,            0.058011,            0.009505,            0.009505,            0.009505
                  17,            0.061075,             0.16645,            0.057653,             0.17074,             0.46223,             0.21548,             0.11227,            0.059057,             0.21849,            0.057193,            0.009472,            0.009472,            0.009472
                  18,            0.058627,              0.1705,             0.05687,             0.18934,             0.44584,             0.21822,             0.11986,            0.059124,             0.21923,            0.056424,            0.009439,            0.009439,            0.009439
                  19,            0.057039,             0.16756,            0.056124,             0.19186,             0.47255,             0.22516,             0.11688,             0.05925,             0.23131,            0.055725,            0.009406,            0.009406,            0.009406
                  20,            0.058742,             0.16832,            0.055194,             0.22275,             0.43486,             0.24162,             0.13424,            0.058746,              0.2195,            0.054959,            0.009373,            0.009373,            0.009373
                  21,            0.058657,             0.16418,            0.054562,             0.23605,             0.44296,             0.25941,             0.13226,             0.06068,                0.22,            0.054169,             0.00934,             0.00934,             0.00934
                  22,            0.058843,             0.16587,            0.053859,             0.25098,             0.45495,             0.27835,             0.14158,            0.057899,             0.22146,            0.053293,            0.009307,            0.009307,            0.009307
                  23,            0.056778,             0.17178,            0.052745,             0.26228,              0.4793,             0.28075,             0.15834,            0.058071,             0.22033,            0.052502,            0.009274,            0.009274,            0.009274
                  24,            0.057775,              0.1581,            0.051997,             0.27361,              0.4465,             0.28413,             0.16299,            0.058505,             0.21726,             0.05188,            0.009241,            0.009241,            0.009241
                  25,            0.056331,              0.1602,            0.050878,             0.30711,             0.48075,             0.33449,             0.19896,            0.055972,             0.21363,            0.050742,            0.009208,            0.009208,            0.009208
                  26,            0.056776,             0.16583,            0.050187,             0.31929,             0.49222,             0.36938,             0.19736,            0.057115,             0.22604,            0.049966,            0.009175,            0.009175,            0.009175
                  27,              0.0588,             0.16733,            0.049409,             0.34487,             0.51215,             0.39459,             0.23211,            0.056078,              0.2142,              0.0492,            0.009142,            0.009142,            0.009142
                  28,            0.058072,             0.16485,            0.048637,             0.34802,             0.46489,             0.37724,             0.19593,            0.057212,             0.21841,            0.048392,            0.009109,            0.009109,            0.009109
                  29,            0.056486,             0.16235,            0.047132,             0.35776,             0.52673,             0.41739,             0.24485,            0.057713,             0.21792,            0.047818,            0.009076,            0.009076,            0.009076
                  30,            0.057198,             0.15742,            0.046738,             0.39159,             0.52673,             0.44678,             0.24988,            0.058028,             0.22211,            0.047159,            0.009043,            0.009043,            0.009043
                  31,            0.055657,             0.15903,            0.045801,             0.38448,             0.51789,             0.43921,             0.25955,            0.057733,             0.21642,            0.045987,             0.00901,             0.00901,             0.00901
                  32,            0.055098,             0.15499,            0.045153,             0.43099,             0.55253,             0.48807,             0.29072,             0.05596,             0.21671,            0.045517,            0.008977,            0.008977,            0.008977
                  33,            0.055471,              0.1533,            0.044233,              0.4315,             0.55956,              0.5046,             0.26011,            0.059025,             0.21953,            0.044693,            0.008944,            0.008944,            0.008944
                  34,            0.057209,             0.15914,            0.043777,             0.47865,             0.55936,             0.52057,             0.31918,            0.054729,             0.21228,            0.044064,            0.008911,            0.008911,            0.008911
                  35,            0.055606,              0.1625,            0.042807,             0.50894,             0.55955,             0.53082,             0.30183,             0.05665,             0.21412,            0.043768,            0.008878,            0.008878,            0.008878
                  36,            0.056052,             0.15326,            0.042162,             0.50295,             0.56662,             0.53988,             0.32581,            0.056292,             0.21453,            0.042889,            0.008845,            0.008845,            0.008845
                  37,            0.055505,             0.15711,            0.041205,             0.52173,             0.57846,             0.55801,              0.3557,            0.054453,             0.21221,            0.042078,            0.008812,            0.008812,            0.008812
                  38,            0.056527,             0.15871,             0.04076,             0.53029,             0.58931,             0.56149,             0.34734,            0.054577,             0.21491,            0.041537,            0.008779,            0.008779,            0.008779
                  39,            0.054176,             0.15837,            0.039356,             0.58182,             0.59371,             0.58079,             0.35792,            0.055345,             0.21579,            0.040869,            0.008746,            0.008746,            0.008746
                  40,            0.056258,             0.15651,            0.038962,             0.62016,             0.59091,             0.60054,             0.37166,            0.056152,             0.21211,             0.04025,            0.008713,            0.008713,            0.008713
                  41,            0.055143,             0.15501,            0.038638,             0.62739,             0.60202,             0.61035,             0.37715,            0.056094,             0.21271,            0.039403,             0.00868,             0.00868,             0.00868
                  42,            0.055929,             0.15365,            0.037441,             0.62518,             0.62347,             0.61882,             0.36336,            0.056588,             0.21361,             0.03889,            0.008647,            0.008647,            0.008647
                  43,            0.053895,             0.15508,            0.036881,              0.6309,             0.60392,             0.61063,             0.38058,            0.056185,             0.21347,            0.038329,            0.008614,            0.008614,            0.008614
                  44,            0.055084,             0.15333,            0.035907,             0.64584,             0.61883,             0.62268,             0.38066,            0.055309,             0.21265,            0.037823,            0.008581,            0.008581,            0.008581
                  45,            0.053852,             0.15324,            0.035293,             0.66119,             0.62982,             0.63775,             0.39107,            0.056198,             0.21564,            0.037453,            0.008548,            0.008548,            0.008548
                  46,            0.054929,             0.15721,            0.034883,             0.67591,             0.64931,             0.64863,             0.40225,             0.05457,             0.21568,            0.036769,            0.008515,            0.008515,            0.008515
                  47,            0.055238,             0.15922,            0.034871,             0.70258,              0.6474,              0.6595,             0.44298,            0.053924,             0.21303,             0.03624,            0.008482,            0.008482,            0.008482
                  48,             0.05402,             0.15772,            0.033195,             0.70017,             0.65156,             0.66444,             0.40017,            0.056081,             0.21432,            0.035757,            0.008449,            0.008449,            0.008449
                  49,            0.053608,             0.15319,            0.033321,             0.72902,             0.66941,             0.67801,             0.45406,            0.053128,             0.20646,            0.035254,            0.008416,            0.008416,            0.008416
                  50,            0.053533,             0.15134,            0.032321,             0.72374,             0.67082,             0.68021,             0.41629,            0.055835,             0.21328,            0.034776,            0.008383,            0.008383,            0.008383
                  51,             0.05376,             0.15125,            0.032199,             0.75139,             0.69472,             0.69474,             0.46492,            0.054529,             0.21075,            0.034546,             0.00835,             0.00835,             0.00835
                  52,             0.05545,             0.15537,            0.032365,              0.7547,              0.6965,             0.70392,             0.42602,            0.054975,              0.2119,            0.034163,            0.008317,            0.008317,            0.008317
                  53,            0.054695,             0.15188,            0.031833,             0.76792,             0.69442,             0.70717,             0.47189,            0.052967,             0.20874,             0.03389,            0.008284,            0.008284,            0.008284
                  54,            0.054486,             0.16243,            0.031794,             0.77426,             0.69825,             0.71406,             0.47178,            0.054174,             0.20769,            0.033647,            0.008251,            0.008251,            0.008251
                  55,            0.053017,              0.1512,            0.030533,             0.78025,             0.70686,             0.72133,             0.45216,            0.054607,             0.21015,            0.033238,            0.008218,            0.008218,            0.008218
                  56,            0.052837,             0.14438,             0.02978,             0.77143,             0.71284,             0.71934,             0.45574,            0.055007,             0.21013,            0.033028,            0.008185,            0.008185,            0.008185
                  57,             0.05359,             0.15681,            0.030299,              0.8026,             0.70193,             0.72428,             0.47435,            0.054643,             0.20995,            0.032919,            0.008152,            0.008152,            0.008152
                  58,            0.053407,             0.15409,            0.029788,              0.7817,             0.70607,              0.7238,             0.46853,            0.054365,             0.21002,            0.032607,            0.008119,            0.008119,            0.008119
                  59,            0.052761,             0.15077,            0.029451,             0.78227,             0.70699,             0.71884,             0.47608,            0.053904,             0.21131,            0.032837,            0.008086,            0.008086,            0.008086
                  60,            0.053566,             0.15548,            0.029565,             0.79454,             0.73054,             0.73351,             0.48293,            0.054138,             0.20786,            0.032239,            0.008053,            0.008053,            0.008053
                  61,            0.052689,             0.15245,            0.029005,             0.80871,             0.73315,             0.74057,             0.48818,            0.053652,             0.20758,            0.031914,             0.00802,             0.00802,             0.00802
                  62,            0.054255,             0.15557,            0.029611,             0.81923,              0.7297,             0.74313,             0.49493,            0.053757,             0.20885,            0.031689,            0.007987,            0.007987,            0.007987
                  63,            0.051773,             0.14945,            0.028376,             0.81477,             0.72625,             0.74182,             0.50424,            0.052844,             0.20586,            0.031638,            0.007954,            0.007954,            0.007954
                  64,            0.052612,             0.14801,            0.028292,             0.82431,             0.73246,             0.74162,             0.47888,             0.05438,             0.21107,            0.031413,            0.007921,            0.007921,            0.007921
                  65,            0.052879,             0.15163,            0.028242,             0.81805,             0.74444,             0.74789,              0.4896,            0.053845,             0.21365,            0.031178,            0.007888,            0.007888,            0.007888
                  66,            0.052001,             0.14687,            0.027613,             0.82636,             0.73174,             0.74401,             0.50372,            0.053198,             0.20924,            0.031154,            0.007855,            0.007855,            0.007855
                  67,            0.053176,             0.14932,            0.028385,             0.82657,             0.73545,              0.7484,             0.51464,             0.05204,             0.20744,            0.030962,            0.007822,            0.007822,            0.007822
                  68,            0.052947,             0.15215,             0.02743,             0.82058,             0.74561,             0.75284,             0.49886,            0.053686,             0.20864,             0.03094,            0.007789,            0.007789,            0.007789
                  69,            0.050895,             0.14251,            0.026802,             0.82446,             0.75116,             0.75371,             0.50037,            0.053083,             0.20836,            0.030745,            0.007756,            0.007756,            0.007756
                  70,            0.052905,             0.15205,            0.027454,              0.8251,             0.75261,             0.75058,             0.49398,            0.053128,             0.20921,            0.030605,            0.007723,            0.007723,            0.007723
                  71,            0.050907,               0.147,             0.02695,             0.83503,             0.75544,             0.75555,              0.5104,            0.052767,             0.20826,            0.030406,             0.00769,             0.00769,             0.00769
                  72,            0.052355,             0.14972,            0.027285,             0.82949,             0.75618,             0.75297,             0.50549,            0.052372,             0.20665,            0.030653,            0.007657,            0.007657,            0.007657
                  73,            0.050827,             0.14429,            0.025861,             0.84069,             0.75409,             0.75823,             0.51803,            0.052373,              0.2093,            0.029962,            0.007624,            0.007624,            0.007624
                  74,            0.051038,             0.14598,            0.025907,             0.82472,              0.7494,             0.75276,             0.52225,            0.052154,             0.20948,            0.030159,            0.007591,            0.007591,            0.007591
                  75,            0.050231,             0.14591,            0.026203,             0.83843,             0.75322,             0.75848,             0.51189,            0.052916,             0.21038,             0.02993,            0.007558,            0.007558,            0.007558
                  76,            0.051104,             0.14205,            0.025733,             0.83485,             0.75877,             0.76164,             0.51979,            0.051975,             0.20606,            0.029884,            0.007525,            0.007525,            0.007525
                  77,            0.051202,             0.14929,            0.026225,              0.8318,             0.75593,             0.75911,             0.53813,             0.05151,             0.20487,            0.029964,            0.007492,            0.007492,            0.007492
                  78,             0.05167,             0.14496,            0.026296,             0.82665,             0.75485,             0.75665,             0.51978,            0.052125,             0.20602,             0.02973,            0.007459,            0.007459,            0.007459
                  79,            0.050729,             0.14965,            0.025777,             0.83952,              0.7538,             0.75473,             0.51329,            0.052162,             0.20698,            0.029784,            0.007426,            0.007426,            0.007426
                  80,             0.05149,             0.14803,            0.026199,             0.83539,             0.76789,             0.76602,             0.51726,            0.052821,             0.20876,            0.029477,            0.007393,            0.007393,            0.007393
                  81,            0.052741,             0.15013,              0.0263,             0.83777,             0.76936,             0.76634,             0.53844,             0.05152,             0.20559,            0.029359,             0.00736,             0.00736,             0.00736
                  82,            0.050806,             0.14612,            0.025142,              0.8431,             0.76712,             0.76567,             0.53043,            0.051919,             0.20521,             0.02939,            0.007327,            0.007327,            0.007327
                  83,            0.050554,             0.14675,             0.02521,             0.84007,             0.76704,             0.76376,             0.51097,            0.052912,             0.20749,            0.029347,            0.007294,            0.007294,            0.007294
                  84,            0.052067,             0.14948,             0.02593,             0.83828,             0.76402,             0.76251,             0.52541,            0.052296,             0.20877,            0.029265,            0.007261,            0.007261,            0.007261
                  85,             0.05081,             0.14875,             0.02589,             0.83741,             0.77232,              0.7662,             0.54359,            0.051991,             0.20586,            0.029158,            0.007228,            0.007228,            0.007228
                  86,            0.050035,             0.14711,            0.025003,             0.84382,             0.75921,             0.76291,             0.52352,            0.052133,             0.20862,            0.029071,            0.007195,            0.007195,            0.007195
                  87,            0.050713,             0.14614,            0.026009,             0.83262,             0.76291,             0.76136,             0.52665,             0.05177,             0.20866,            0.029059,            0.007162,            0.007162,            0.007162
                  88,            0.050519,             0.14598,            0.024899,             0.83595,              0.7676,             0.76353,             0.51931,            0.052706,             0.20937,            0.029088,            0.007129,            0.007129,            0.007129
                  89,            0.050794,             0.14488,            0.024568,             0.83983,             0.76886,             0.76486,             0.52966,            0.051637,             0.20917,            0.029016,            0.007096,            0.007096,            0.007096
                  90,            0.049485,             0.14277,            0.024397,              0.8407,             0.76422,              0.7658,             0.53701,            0.051461,             0.20677,            0.028972,            0.007063,            0.007063,            0.007063
                  91,            0.049718,             0.14239,            0.024448,             0.84351,             0.77365,             0.76884,             0.53969,            0.051445,             0.20628,            0.028908,             0.00703,             0.00703,             0.00703
                  92,            0.050419,             0.14642,            0.024655,             0.84598,             0.77052,             0.76948,             0.52116,              0.0526,             0.20942,            0.028836,            0.006997,            0.006997,            0.006997
                  93,            0.049446,             0.14022,            0.024157,             0.84594,             0.76787,             0.76771,             0.53393,            0.051456,             0.20657,            0.028929,            0.006964,            0.006964,            0.006964
                  94,            0.049227,             0.14127,            0.024669,             0.83714,             0.77661,             0.76925,              0.5414,            0.051103,             0.20727,            0.028754,            0.006931,            0.006931,            0.006931
                  95,            0.050882,             0.14664,            0.024283,             0.84123,             0.77295,             0.76882,             0.54506,             0.05101,             0.20546,            0.028799,            0.006898,            0.006898,            0.006898
                  96,            0.049645,              0.1403,            0.024285,               0.847,             0.76476,             0.76644,             0.54148,            0.051288,             0.20598,            0.028804,            0.006865,            0.006865,            0.006865
                  97,             0.05025,             0.14296,            0.024402,             0.83983,              0.7787,              0.7692,             0.54435,             0.05122,               0.205,            0.028738,            0.006832,            0.006832,            0.006832
                  98,            0.048928,             0.14021,            0.023395,             0.84386,             0.76832,              0.7671,             0.54484,            0.051008,             0.20753,            0.028677,            0.006799,            0.006799,            0.006799
                  99,            0.049321,             0.14532,            0.024069,             0.84549,             0.77455,              0.7671,             0.53677,            0.051318,             0.20849,            0.028532,            0.006766,            0.006766,            0.006766
                 100,            0.050356,              0.1393,            0.024182,             0.84144,             0.77569,             0.76999,             0.53647,            0.051381,             0.20608,            0.028555,            0.006733,            0.006733,            0.006733
                 101,            0.049145,              0.1434,            0.024504,             0.84057,             0.77732,              0.7669,             0.54854,            0.051057,             0.20562,            0.028558,              0.0067,              0.0067,              0.0067
                 102,            0.050019,             0.14065,            0.024324,             0.84496,             0.77253,             0.76866,             0.54041,            0.050985,             0.20684,            0.028479,            0.006667,            0.006667,            0.006667
                 103,            0.049336,             0.14079,            0.023589,             0.84418,             0.77392,             0.77202,             0.53584,            0.051122,             0.20602,            0.028506,            0.006634,            0.006634,            0.006634
                 104,            0.048688,              0.1374,            0.023201,             0.84528,             0.77735,             0.76941,             0.54008,            0.051642,             0.20717,            0.028479,            0.006601,            0.006601,            0.006601
                 105,             0.04884,             0.14248,            0.023775,             0.84662,             0.77408,             0.77115,             0.54559,            0.050862,             0.20494,            0.028688,            0.006568,            0.006568,            0.006568
                 106,            0.049943,             0.14464,            0.024152,             0.84571,             0.78222,             0.77078,             0.54322,            0.051246,             0.20634,            0.028383,            0.006535,            0.006535,            0.006535
                 107,            0.049534,             0.14252,             0.02383,             0.84272,              0.7791,             0.76824,             0.54608,            0.050881,             0.20645,              0.0284,            0.006502,            0.006502,            0.006502
                 108,            0.049289,             0.13927,            0.024073,             0.84122,             0.77856,             0.76869,             0.54556,            0.050921,             0.20537,            0.028433,            0.006469,            0.006469,            0.006469
                 109,            0.048166,             0.13783,            0.023568,             0.84006,             0.77629,             0.76999,             0.55117,            0.050624,             0.20748,            0.028323,            0.006436,            0.006436,            0.006436
                 110,            0.049219,             0.14306,            0.023726,             0.84709,             0.76967,             0.76973,             0.54946,             0.05058,             0.20532,            0.028123,            0.006403,            0.006403,            0.006403
                 111,            0.048212,              0.1374,            0.023346,             0.84635,             0.77857,             0.77129,               0.544,            0.050961,             0.20513,            0.028082,             0.00637,             0.00637,             0.00637
                 112,            0.048756,             0.13864,            0.022894,             0.84205,              0.7842,             0.77236,               0.549,             0.05092,             0.20482,            0.028204,            0.006337,            0.006337,            0.006337
                 113,            0.048055,             0.13827,            0.023119,             0.84353,             0.77886,             0.76976,             0.54833,            0.050765,             0.20656,            0.028148,            0.006304,            0.006304,            0.006304
                 114,            0.048186,             0.13629,            0.023153,             0.83754,             0.78465,                0.77,             0.54893,            0.050693,             0.20549,            0.028006,            0.006271,            0.006271,            0.006271
                 115,            0.047944,             0.13674,            0.022721,             0.84359,             0.77732,             0.76957,             0.55576,            0.050631,             0.20658,            0.028119,            0.006238,            0.006238,            0.006238
                 116,            0.048205,             0.14209,             0.02275,             0.84715,             0.78009,             0.77162,             0.55334,            0.050805,             0.20496,            0.028041,            0.006205,            0.006205,            0.006205
                 117,            0.048505,             0.14073,            0.023393,             0.84859,             0.77927,             0.77348,             0.55888,            0.050395,             0.20709,             0.02803,            0.006172,            0.006172,            0.006172
                 118,            0.048398,             0.13675,            0.022926,             0.84899,             0.77768,             0.77333,             0.55378,            0.050466,             0.20598,            0.027863,            0.006139,            0.006139,            0.006139
                 119,            0.048529,             0.14197,            0.023829,             0.84671,             0.78095,             0.77318,             0.54716,            0.050998,             0.20821,            0.027734,            0.006106,            0.006106,            0.006106
                 120,            0.048622,              0.1442,             0.02325,             0.84441,             0.78191,             0.77368,             0.55917,            0.050321,             0.20461,            0.027887,            0.006073,            0.006073,            0.006073
                 121,             0.04721,             0.13672,            0.022649,              0.8431,             0.78803,             0.77522,              0.5506,            0.050395,             0.20481,            0.027797,             0.00604,             0.00604,             0.00604
                 122,            0.048263,             0.13321,            0.022821,             0.84099,             0.78763,             0.77349,             0.55661,             0.05066,             0.20496,            0.027826,            0.006007,            0.006007,            0.006007
                 123,            0.049573,             0.14163,            0.023313,             0.84381,             0.78605,             0.77555,             0.55682,            0.050421,              0.2062,            0.027824,            0.005974,            0.005974,            0.005974
                 124,            0.047472,             0.13508,            0.022354,             0.84038,             0.78131,              0.7742,             0.55359,            0.050758,             0.20581,            0.027823,            0.005941,            0.005941,            0.005941
                 125,            0.047544,             0.13751,            0.022991,              0.8525,               0.784,             0.77624,             0.56085,            0.050198,              0.2049,             0.02771,            0.005908,            0.005908,            0.005908
                 126,            0.048149,              0.1429,            0.022942,             0.84729,             0.78261,             0.77194,             0.55655,            0.050359,             0.20603,            0.027875,            0.005875,            0.005875,            0.005875
                 127,            0.048273,             0.14048,            0.023273,             0.85012,             0.77832,             0.77439,             0.55948,             0.05051,             0.20649,            0.027765,            0.005842,            0.005842,            0.005842
                 128,            0.048236,             0.13437,            0.022629,             0.84912,             0.78698,             0.77568,             0.56032,            0.050179,               0.206,            0.027753,            0.005809,            0.005809,            0.005809
                 129,            0.047153,             0.13494,            0.022737,             0.83889,             0.79235,             0.77585,             0.55795,            0.050156,             0.20814,            0.027782,            0.005776,            0.005776,            0.005776
                 130,            0.047846,             0.13768,            0.022446,             0.84397,             0.78746,             0.77596,              0.5568,            0.050448,             0.20672,            0.027797,            0.005743,            0.005743,            0.005743
                 131,            0.046371,             0.13481,            0.022416,               0.842,             0.78914,             0.77488,             0.56588,            0.050075,             0.20509,            0.027745,             0.00571,             0.00571,             0.00571
                 132,            0.046898,              0.1327,            0.022582,             0.84504,             0.78644,              0.7764,             0.56087,            0.050206,             0.20592,            0.027763,            0.005677,            0.005677,            0.005677
                 133,            0.046843,             0.13639,            0.022326,             0.84386,             0.78617,             0.77473,             0.56302,            0.050158,             0.20627,            0.027696,            0.005644,            0.005644,            0.005644
                 134,            0.047828,             0.13545,            0.022278,             0.84923,             0.78617,             0.77603,             0.56032,            0.050072,             0.20561,            0.027721,            0.005611,            0.005611,            0.005611
                 135,            0.046792,             0.13449,            0.022298,             0.84728,              0.7854,             0.77572,             0.56306,            0.049938,              0.2038,            0.027677,            0.005578,            0.005578,            0.005578
                 136,             0.04723,               0.136,            0.022574,             0.84386,             0.78915,             0.77551,             0.56398,            0.049793,             0.20517,            0.027621,            0.005545,            0.005545,            0.005545
                 137,            0.046591,             0.12937,            0.022145,             0.83716,             0.79182,             0.77499,             0.56026,            0.050101,             0.20626,            0.027701,            0.005512,            0.005512,            0.005512
                 138,            0.047279,             0.13517,            0.022351,              0.8439,             0.78755,             0.77737,             0.56241,             0.04999,             0.20443,            0.027589,            0.005479,            0.005479,            0.005479
                 139,            0.046756,             0.13581,            0.022045,               0.843,             0.78073,             0.77569,             0.56605,            0.049884,             0.20617,            0.027589,            0.005446,            0.005446,            0.005446
                 140,            0.047606,             0.13624,            0.022328,             0.84116,             0.78872,             0.77514,             0.56074,            0.049934,             0.20786,             0.02741,            0.005413,            0.005413,            0.005413
                 141,            0.047474,             0.13617,             0.02247,             0.84955,              0.7879,             0.77574,             0.55796,            0.050106,             0.20591,            0.027484,             0.00538,             0.00538,             0.00538
                 142,            0.047584,             0.13768,            0.022681,             0.84787,             0.78623,             0.77449,             0.56405,            0.050062,             0.20489,             0.02737,            0.005347,            0.005347,            0.005347
                 143,            0.046799,             0.13306,            0.021515,             0.84363,             0.79145,             0.77912,             0.56932,            0.049807,             0.20472,            0.027574,            0.005314,            0.005314,            0.005314
                 144,            0.046879,             0.13841,            0.022284,             0.84997,             0.78856,             0.77732,             0.56366,             0.04995,             0.20649,            0.027596,            0.005281,            0.005281,            0.005281
                 145,            0.046779,             0.13319,            0.022361,             0.85475,              0.7841,             0.77681,             0.56841,             0.04957,              0.2044,            0.027464,            0.005248,            0.005248,            0.005248
                 146,            0.046313,             0.13631,            0.022236,             0.84852,             0.78973,             0.77814,             0.56483,            0.049767,             0.20342,            0.027354,            0.005215,            0.005215,            0.005215
                 147,            0.047076,             0.13801,            0.022147,              0.8487,             0.78896,             0.77775,             0.56444,            0.049853,             0.20733,            0.027396,            0.005182,            0.005182,            0.005182
                 148,             0.04661,              0.1334,            0.022239,             0.84651,             0.79045,             0.77678,             0.57004,            0.049811,             0.20692,             0.02756,            0.005149,            0.005149,            0.005149
                 149,            0.047015,             0.13368,            0.022027,             0.84822,             0.79061,             0.77774,             0.57038,            0.049756,             0.20655,            0.027533,            0.005116,            0.005116,            0.005116
                 150,            0.046091,             0.13819,             0.02144,              0.8458,             0.78759,             0.77755,             0.56852,             0.04964,             0.20662,            0.027435,            0.005083,            0.005083,            0.005083
                 151,            0.046896,               0.133,            0.021995,             0.84845,             0.78715,             0.77727,              0.5705,            0.049569,             0.20418,            0.027345,             0.00505,             0.00505,             0.00505
                 152,            0.047466,             0.13468,            0.022333,             0.84748,             0.79215,             0.77706,             0.56966,            0.049743,             0.20314,            0.027415,            0.005017,            0.005017,            0.005017
                 153,            0.046809,             0.13745,            0.022168,             0.84417,             0.79287,             0.77711,             0.56801,            0.049691,             0.20492,            0.027454,            0.004984,            0.004984,            0.004984
                 154,            0.047123,              0.1347,            0.022484,             0.84797,             0.79188,             0.77623,             0.57307,            0.049634,             0.20412,            0.027468,            0.004951,            0.004951,            0.004951
                 155,            0.045835,               0.132,            0.021689,             0.84629,             0.79084,             0.77829,             0.56696,            0.049784,             0.20711,            0.027341,            0.004918,            0.004918,            0.004918
                 156,            0.045835,             0.13216,            0.021598,             0.84353,             0.79103,             0.77761,             0.56557,            0.049687,             0.20652,            0.027138,            0.004885,            0.004885,            0.004885
                 157,            0.045768,             0.12796,            0.021796,             0.84878,             0.79138,              0.7801,              0.5724,            0.049604,              0.2063,            0.027213,            0.004852,            0.004852,            0.004852
                 158,            0.046803,             0.13842,             0.02255,             0.84853,             0.78877,             0.77976,             0.57087,            0.049624,             0.20851,            0.027301,            0.004819,            0.004819,            0.004819
                 159,            0.046111,             0.13087,            0.021426,             0.85227,              0.7938,             0.78173,             0.56937,            0.049775,             0.20715,            0.027312,            0.004786,            0.004786,            0.004786
                 160,            0.046853,              0.1382,             0.02201,             0.84797,             0.79372,             0.78075,             0.57396,            0.049459,              0.2031,            0.027321,            0.004753,            0.004753,            0.004753
                 161,            0.046209,              0.1345,            0.022003,             0.84937,             0.78938,             0.78001,              0.5733,            0.049695,             0.20612,            0.027514,             0.00472,             0.00472,             0.00472
                 162,            0.046068,             0.13297,            0.021902,             0.84989,             0.78984,             0.78074,             0.57904,            0.049446,             0.20534,            0.027188,            0.004687,            0.004687,            0.004687
                 163,            0.045134,             0.12865,            0.020899,             0.84823,             0.79032,             0.78058,             0.57457,            0.049492,             0.20804,            0.027219,            0.004654,            0.004654,            0.004654
                 164,            0.046133,             0.13275,            0.021801,             0.85255,             0.78729,             0.77924,             0.56806,            0.049634,              0.2071,            0.027344,            0.004621,            0.004621,            0.004621
                 165,            0.045326,             0.13462,            0.021339,              0.8526,             0.79134,             0.78087,             0.57071,            0.049524,             0.20514,            0.027261,            0.004588,            0.004588,            0.004588
                 166,            0.045885,             0.13171,            0.021156,             0.85179,             0.79399,              0.7805,             0.57241,            0.049445,             0.20343,            0.027187,            0.004555,            0.004555,            0.004555
                 167,            0.045072,             0.13231,            0.021076,             0.85308,             0.78679,             0.77771,             0.57169,            0.049373,             0.20434,            0.027296,            0.004522,            0.004522,            0.004522
                 168,             0.04572,             0.13171,            0.020945,             0.85502,             0.78935,              0.7795,             0.56889,            0.049523,             0.20457,            0.027168,            0.004489,            0.004489,            0.004489
                 169,            0.045332,             0.12943,            0.021523,              0.8517,             0.78973,             0.77954,             0.57801,             0.04923,             0.20497,            0.027154,            0.004456,            0.004456,            0.004456
                 170,            0.047399,             0.13372,            0.022172,             0.85453,             0.79348,              0.7794,             0.57633,            0.049439,             0.20464,            0.027202,            0.004423,            0.004423,            0.004423
                 171,            0.046176,             0.13213,            0.021572,             0.85712,             0.78949,             0.77859,              0.5736,            0.049544,             0.20341,            0.027153,             0.00439,             0.00439,             0.00439
                 172,            0.045627,             0.12911,            0.020968,             0.85055,             0.79551,             0.78012,             0.57435,            0.049449,              0.2066,            0.027132,            0.004357,            0.004357,            0.004357
                 173,            0.046063,             0.13423,            0.021732,             0.85377,             0.79222,             0.77954,             0.58043,             0.04925,             0.20673,            0.027007,            0.004324,            0.004324,            0.004324
                 174,            0.045999,             0.13311,            0.021346,             0.85457,             0.78659,             0.78023,             0.57179,            0.049463,             0.20558,            0.026987,            0.004291,            0.004291,            0.004291
                 175,            0.045873,             0.13117,            0.021338,             0.85582,             0.79281,             0.77764,             0.57917,            0.049286,             0.20591,            0.027094,            0.004258,            0.004258,            0.004258
                 176,            0.046111,             0.13133,            0.021582,             0.84867,             0.79501,             0.77787,             0.57312,            0.049382,             0.20739,            0.027123,            0.004225,            0.004225,            0.004225
                 177,            0.045183,             0.12738,            0.021553,             0.85004,             0.79296,             0.77957,             0.57571,            0.049299,             0.20792,            0.026973,            0.004192,            0.004192,            0.004192
                 178,            0.045567,             0.12968,            0.021588,             0.85301,             0.78912,             0.77696,             0.57363,            0.049432,             0.20768,            0.027166,            0.004159,            0.004159,            0.004159
                 179,            0.045331,             0.13072,            0.021185,             0.85239,             0.78956,             0.77775,             0.57372,            0.049394,             0.20764,            0.027316,            0.004126,            0.004126,            0.004126
                 180,            0.045793,             0.13172,            0.021237,             0.85538,             0.78769,             0.77669,              0.5743,            0.049523,             0.20717,            0.027194,            0.004093,            0.004093,            0.004093
                 181,            0.045097,             0.12982,            0.021204,             0.85355,             0.79453,             0.77939,             0.57635,            0.049349,             0.20537,            0.027105,             0.00406,             0.00406,             0.00406
                 182,            0.045084,               0.132,            0.021161,             0.85134,             0.79085,             0.77954,             0.57176,            0.049579,             0.20872,            0.027153,            0.004027,            0.004027,            0.004027
                 183,            0.045399,             0.12764,            0.021117,             0.85528,             0.78749,             0.78095,             0.57741,            0.049236,             0.20567,            0.026971,            0.003994,            0.003994,            0.003994
                 184,            0.043636,             0.12558,            0.020175,             0.85206,             0.79357,             0.78252,             0.58309,            0.049152,             0.20587,            0.026981,            0.003961,            0.003961,            0.003961
                 185,            0.045901,             0.13186,            0.021658,             0.85454,             0.78885,             0.78157,             0.57921,            0.049322,             0.20603,            0.026994,            0.003928,            0.003928,            0.003928
                 186,            0.044616,             0.12651,            0.020753,             0.85291,             0.79239,             0.78186,             0.57361,            0.049451,             0.20727,            0.027013,            0.003895,            0.003895,            0.003895
                 187,            0.044456,             0.13032,            0.020415,             0.85091,              0.7978,             0.78112,             0.57718,            0.049196,             0.20524,            0.027047,            0.003862,            0.003862,            0.003862
                 188,            0.044434,             0.12744,            0.020946,             0.84938,              0.7965,             0.78122,             0.57998,            0.049036,             0.20434,            0.026939,            0.003829,            0.003829,            0.003829
                 189,            0.046263,             0.13106,             0.02148,             0.85498,             0.79421,             0.78167,             0.58186,             0.04907,             0.20568,            0.027055,            0.003796,            0.003796,            0.003796
                 190,            0.044428,             0.12839,            0.020599,             0.85383,             0.79079,             0.78139,             0.58055,             0.04919,             0.20617,            0.027029,            0.003763,            0.003763,            0.003763
                 191,            0.044774,             0.13105,            0.020477,             0.85504,             0.79012,             0.78041,             0.58183,            0.049112,             0.20755,            0.027241,             0.00373,             0.00373,             0.00373
                 192,             0.04408,             0.12376,            0.020647,             0.85833,             0.78888,             0.78157,             0.57854,            0.049104,             0.20533,            0.027046,            0.003697,            0.003697,            0.003697
                 193,            0.044275,             0.12642,            0.020824,             0.85661,             0.79316,             0.78071,              0.5756,            0.049215,             0.20616,            0.026943,            0.003664,            0.003664,            0.003664
                 194,            0.044507,             0.12596,            0.020716,             0.85736,             0.79368,             0.78192,             0.57783,            0.049282,             0.20757,            0.026957,            0.003631,            0.003631,            0.003631
                 195,            0.044647,             0.12816,            0.021417,              0.8542,             0.79177,             0.77848,             0.58013,            0.049117,             0.20708,            0.027139,            0.003598,            0.003598,            0.003598
                 196,            0.044242,             0.12914,            0.020789,             0.85261,             0.79274,             0.77927,             0.58112,             0.04922,             0.20418,            0.027019,            0.003565,            0.003565,            0.003565
                 197,            0.045033,              0.1305,            0.021273,             0.85579,             0.79982,             0.78206,             0.58192,            0.049138,             0.20507,            0.027023,            0.003532,            0.003532,            0.003532
                 198,             0.04323,             0.12776,            0.020604,             0.85917,             0.79285,              0.7835,             0.58074,            0.049073,             0.20618,            0.027013,            0.003499,            0.003499,            0.003499
                 199,            0.044286,             0.12755,            0.020497,             0.85623,             0.79041,             0.78155,             0.58223,            0.049087,              0.2085,            0.027106,            0.003466,            0.003466,            0.003466
                 200,            0.045082,             0.13172,            0.021353,             0.86395,             0.78693,             0.78057,             0.57869,            0.049263,             0.20704,            0.027097,            0.003433,            0.003433,            0.003433
                 201,            0.044887,             0.12914,            0.021086,             0.85168,             0.79629,             0.78157,             0.58097,            0.049134,             0.20568,            0.027027,              0.0034,              0.0034,              0.0034
                 202,            0.044752,             0.13226,            0.021181,             0.85377,             0.79703,             0.78239,             0.58286,            0.048896,             0.20678,            0.027029,            0.003367,            0.003367,            0.003367
                 203,            0.043434,             0.12173,            0.020079,             0.85814,             0.79862,             0.78423,             0.58398,            0.048968,             0.20734,            0.027011,            0.003334,            0.003334,            0.003334
                 204,            0.045367,              0.1284,            0.020983,             0.85752,             0.79382,             0.78221,             0.58103,            0.049004,              0.2084,            0.026972,            0.003301,            0.003301,            0.003301
                 205,            0.044602,             0.12625,            0.020871,             0.84933,              0.7999,             0.78208,             0.57651,            0.049274,              0.2089,            0.027174,            0.003268,            0.003268,            0.003268
                 206,            0.044858,             0.13159,            0.020839,             0.85388,              0.7901,              0.7811,             0.58146,            0.049063,             0.20609,            0.027059,            0.003235,            0.003235,            0.003235
                 207,            0.044024,             0.12569,            0.020143,             0.85654,             0.79022,             0.78053,             0.58071,            0.049125,             0.20655,            0.027026,            0.003202,            0.003202,            0.003202
                 208,             0.04381,             0.12447,            0.020291,             0.85737,              0.7909,             0.78074,             0.57971,            0.049029,             0.20589,            0.026978,            0.003169,            0.003169,            0.003169
                 209,            0.044126,             0.12738,              0.0205,             0.85372,             0.79438,             0.78015,             0.58197,            0.048955,             0.20734,            0.027019,            0.003136,            0.003136,            0.003136
                 210,            0.044663,             0.13139,            0.020457,             0.85889,             0.78936,             0.78051,              0.5844,            0.048797,             0.20727,            0.026998,            0.003103,            0.003103,            0.003103
                 211,            0.042606,             0.12098,            0.019691,             0.85792,              0.7947,             0.78226,             0.58648,            0.048857,             0.20805,            0.027029,             0.00307,             0.00307,             0.00307
                 212,             0.04406,             0.12697,            0.020845,              0.8554,              0.7972,             0.78398,             0.58375,            0.049065,             0.20832,            0.027081,            0.003037,            0.003037,            0.003037
                 213,            0.043583,             0.12699,            0.019958,             0.85204,             0.79614,             0.78323,             0.58516,            0.048978,              0.2059,             0.02701,            0.003004,            0.003004,            0.003004
                 214,            0.044212,             0.12605,            0.020626,               0.855,              0.7939,             0.78039,             0.57979,             0.04901,             0.20671,            0.026921,            0.002971,            0.002971,            0.002971
                 215,            0.043533,             0.12593,            0.020416,             0.85145,             0.79769,             0.78261,             0.58154,            0.048918,             0.20823,            0.026945,            0.002938,            0.002938,            0.002938
                 216,            0.042513,             0.12116,            0.020163,              0.8519,             0.79722,             0.78309,             0.58364,            0.048898,             0.20792,            0.026947,            0.002905,            0.002905,            0.002905
                 217,            0.043867,             0.12323,            0.020211,             0.86086,             0.78775,             0.78186,             0.58555,              0.0488,             0.20881,            0.026883,            0.002872,            0.002872,            0.002872
                 218,            0.043955,             0.12458,            0.020629,             0.85597,               0.795,              0.7824,             0.58421,            0.048896,             0.20863,             0.02698,            0.002839,            0.002839,            0.002839
                 219,            0.043129,             0.12327,            0.019976,             0.85663,             0.79492,             0.78439,             0.58445,            0.048855,             0.20765,            0.026855,            0.002806,            0.002806,            0.002806
                 220,            0.043736,             0.12416,            0.020343,              0.8555,             0.79537,             0.78342,             0.58487,            0.048935,             0.20791,            0.026958,            0.002773,            0.002773,            0.002773
                 221,            0.043383,             0.12093,            0.020097,             0.85412,              0.7975,             0.78567,             0.58553,            0.048942,             0.20644,            0.027053,             0.00274,             0.00274,             0.00274
                 222,            0.043165,             0.12311,            0.020157,             0.85858,             0.79054,             0.78475,             0.58679,            0.048836,             0.20645,             0.02695,            0.002707,            0.002707,            0.002707
                 223,            0.042735,             0.12303,            0.019611,             0.85795,             0.79617,             0.78254,             0.58979,             0.04856,             0.20553,            0.026927,            0.002674,            0.002674,            0.002674
                 224,            0.042982,             0.12492,            0.019729,             0.85653,             0.79722,             0.78251,             0.58716,            0.048723,              0.2076,            0.026929,            0.002641,            0.002641,            0.002641
                 225,            0.045022,             0.12752,            0.021281,             0.85202,             0.80001,             0.78298,             0.58756,            0.048746,             0.20845,            0.026989,            0.002608,            0.002608,            0.002608
                 226,            0.043451,             0.12207,            0.019995,             0.85446,             0.80119,             0.78208,             0.58594,            0.048768,             0.20785,            0.026955,            0.002575,            0.002575,            0.002575
                 227,            0.043368,             0.12398,            0.020156,              0.8558,             0.79872,             0.78247,             0.58904,            0.048582,             0.20691,            0.026963,            0.002542,            0.002542,            0.002542
                 228,            0.043857,             0.12252,              0.0204,             0.85537,              0.7981,             0.78202,             0.58926,            0.048615,             0.20722,            0.026954,            0.002509,            0.002509,            0.002509
                 229,            0.043204,             0.12382,            0.020358,             0.85449,             0.80014,             0.78356,             0.59091,            0.048637,             0.20687,            0.026987,            0.002476,            0.002476,            0.002476
                 230,            0.043695,             0.12142,            0.020148,             0.85068,             0.80199,             0.78421,             0.58993,            0.048638,             0.20793,            0.026877,            0.002443,            0.002443,            0.002443
                 231,            0.043856,             0.12445,            0.020795,              0.8514,             0.79843,             0.78397,             0.58695,            0.048744,             0.20859,            0.026926,             0.00241,             0.00241,             0.00241
                 232,            0.043865,             0.12544,            0.020521,             0.85794,             0.79893,             0.78401,             0.59062,            0.048697,              0.2072,            0.027035,            0.002377,            0.002377,            0.002377
                 233,            0.043742,             0.12525,            0.020248,             0.85722,             0.79841,             0.78448,             0.58797,            0.048707,             0.20836,            0.027114,            0.002344,            0.002344,            0.002344
                 234,            0.043297,             0.12192,            0.020364,             0.85383,             0.79856,             0.78392,             0.58825,            0.048727,             0.20975,            0.027103,            0.002311,            0.002311,            0.002311
                 235,             0.04215,             0.11811,            0.019881,             0.85492,             0.79802,             0.78411,             0.58605,            0.048825,             0.20885,            0.026869,            0.002278,            0.002278,            0.002278
                 236,            0.043351,             0.12491,            0.019866,              0.8563,             0.79458,             0.78387,             0.58799,            0.048691,             0.20854,            0.026859,            0.002245,            0.002245,            0.002245
                 237,            0.042597,             0.11898,            0.020062,             0.85745,             0.79646,             0.78259,              0.5856,            0.048676,             0.21038,             0.02702,            0.002212,            0.002212,            0.002212
                 238,            0.043693,             0.12666,            0.020454,             0.85539,             0.80004,             0.78266,               0.588,            0.048548,              0.2086,            0.026994,            0.002179,            0.002179,            0.002179
                 239,            0.042132,             0.11922,            0.020034,             0.85585,             0.79919,             0.78564,             0.58923,            0.048609,             0.20805,            0.026852,            0.002146,            0.002146,            0.002146
                 240,            0.042324,             0.11929,            0.019348,             0.85289,             0.79778,             0.78531,             0.59041,            0.048593,             0.20698,            0.026858,            0.002113,            0.002113,            0.002113
                 241,            0.042258,             0.12184,            0.019662,             0.85341,             0.79759,             0.78454,             0.58811,            0.048605,             0.20747,            0.026839,             0.00208,             0.00208,             0.00208
                 242,             0.04245,              0.1193,            0.019798,             0.85141,             0.80198,             0.78535,             0.58875,             0.04865,             0.20844,            0.026822,            0.002047,            0.002047,            0.002047
                 243,            0.043052,             0.12417,            0.019906,             0.85403,               0.798,             0.78492,             0.58901,            0.048649,             0.20852,            0.026955,            0.002014,            0.002014,            0.002014
                 244,            0.042457,             0.12048,            0.019447,             0.85447,             0.79821,             0.78446,             0.58804,            0.048595,              0.2078,            0.026907,            0.001981,            0.001981,            0.001981
                 245,            0.044067,             0.12329,            0.020656,             0.85207,             0.79604,             0.78448,             0.59132,            0.048474,             0.20667,            0.026778,            0.001948,            0.001948,            0.001948
                 246,            0.042241,              0.1221,            0.019849,             0.85833,              0.7955,             0.78519,             0.59259,            0.048446,              0.2085,            0.026792,            0.001915,            0.001915,            0.001915
                 247,            0.043223,             0.12317,            0.019949,             0.85906,             0.79456,             0.78463,             0.59245,            0.048435,             0.20842,            0.026871,            0.001882,            0.001882,            0.001882
                 248,            0.041972,             0.11642,            0.019373,             0.85672,             0.79929,             0.78527,             0.59286,            0.048479,             0.20841,            0.026952,            0.001849,            0.001849,            0.001849
                 249,            0.042317,             0.11829,            0.019453,             0.85775,             0.79975,             0.78532,             0.59074,             0.04855,             0.20834,            0.026862,            0.001816,            0.001816,            0.001816
                 250,            0.042879,             0.11868,            0.019882,             0.85462,              0.7966,             0.78472,             0.59206,            0.048467,             0.20798,            0.026883,            0.001783,            0.001783,            0.001783
                 251,            0.042433,             0.11855,             0.01976,             0.85931,             0.79516,             0.78431,             0.58963,            0.048468,               0.209,            0.027006,             0.00175,             0.00175,             0.00175
                 252,            0.042527,             0.11875,            0.019796,             0.85704,             0.79686,             0.78314,             0.58803,            0.048577,             0.21034,            0.027017,            0.001717,            0.001717,            0.001717
                 253,            0.041856,             0.11907,            0.019508,             0.85751,             0.79666,             0.78381,             0.58993,            0.048478,             0.20932,            0.026978,            0.001684,            0.001684,            0.001684
                 254,            0.043109,             0.12086,            0.020146,             0.85574,             0.79663,             0.78395,             0.59037,            0.048422,              0.2083,            0.026945,            0.001651,            0.001651,            0.001651
                 255,            0.042779,             0.12218,            0.019512,             0.85122,             0.80103,             0.78447,             0.59345,            0.048371,             0.20915,            0.027036,            0.001618,            0.001618,            0.001618
                 256,            0.043057,             0.11997,            0.020328,             0.85614,             0.79984,             0.78703,             0.59576,            0.048347,              0.2079,            0.026891,            0.001585,            0.001585,            0.001585
                 257,            0.042575,             0.12064,            0.020209,             0.85563,             0.79907,             0.78593,             0.59288,            0.048371,             0.20793,            0.026698,            0.001552,            0.001552,            0.001552
                 258,            0.043648,             0.12386,            0.020394,              0.8538,             0.80201,             0.78572,             0.59339,            0.048442,             0.20939,            0.026831,            0.001519,            0.001519,            0.001519
                 259,            0.041885,             0.11775,            0.019402,             0.85747,             0.79794,             0.78508,             0.59424,            0.048395,             0.20999,            0.027001,            0.001486,            0.001486,            0.001486
                 260,            0.042472,             0.12202,            0.020006,             0.85586,             0.80002,             0.78588,              0.5932,            0.048421,             0.20938,            0.026981,            0.001453,            0.001453,            0.001453
                 261,            0.041377,             0.11696,            0.019215,             0.85938,             0.79748,              0.7847,             0.59414,            0.048378,             0.20941,             0.02691,             0.00142,             0.00142,             0.00142
                 262,            0.043217,             0.12255,            0.020409,             0.86261,             0.79534,             0.78588,             0.59458,            0.048324,             0.20941,             0.02687,            0.001387,            0.001387,            0.001387
                 263,            0.041894,             0.11493,            0.019462,             0.86139,             0.79452,             0.78452,             0.59439,            0.048356,             0.20904,            0.026936,            0.001354,            0.001354,            0.001354
                 264,            0.042241,             0.12028,             0.02029,             0.85804,             0.79778,             0.78639,              0.5933,            0.048391,             0.20858,            0.026865,            0.001321,            0.001321,            0.001321
                 265,            0.041538,             0.11887,            0.019517,             0.86019,             0.79857,             0.78671,             0.59424,            0.048421,             0.20974,            0.026958,            0.001288,            0.001288,            0.001288
                 266,             0.04279,             0.11855,            0.019966,             0.85936,             0.79703,             0.78622,             0.59563,            0.048294,                0.21,            0.026891,            0.001255,            0.001255,            0.001255
                 267,            0.042536,             0.12023,              0.0198,             0.85938,             0.79637,             0.78666,             0.59579,            0.048263,             0.20919,            0.026976,            0.001222,            0.001222,            0.001222
                 268,            0.042664,              0.1208,            0.019919,             0.85792,             0.79588,             0.78611,             0.59541,            0.048338,             0.21024,            0.027003,            0.001189,            0.001189,            0.001189
                 269,            0.041643,             0.12006,            0.019502,             0.86068,             0.79491,             0.78594,             0.59464,            0.048363,             0.21004,            0.027018,            0.001156,            0.001156,            0.001156
                 270,            0.041739,             0.11981,            0.019401,             0.85802,             0.79709,             0.78587,             0.59501,            0.048345,             0.21011,            0.026969,            0.001123,            0.001123,            0.001123
                 271,            0.041332,             0.11419,             0.01953,             0.86152,             0.79695,             0.78469,             0.59478,            0.048317,              0.2107,            0.026952,             0.00109,             0.00109,             0.00109
                 272,            0.041216,             0.11942,            0.019184,              0.8586,             0.79658,             0.78501,             0.59395,            0.048318,             0.21008,            0.026952,            0.001057,            0.001057,            0.001057
                 273,            0.041618,              0.1187,            0.019262,             0.85821,              0.7985,             0.78472,             0.59472,            0.048271,             0.20854,            0.026869,            0.001024,            0.001024,            0.001024
                 274,            0.041172,             0.11423,            0.019182,             0.85748,             0.79987,             0.78501,              0.5954,            0.048308,             0.20876,            0.026838,            0.000991,            0.000991,            0.000991
                 275,            0.040925,             0.11534,            0.018963,             0.85563,             0.80092,             0.78538,             0.59544,            0.048304,             0.20863,            0.026839,            0.000958,            0.000958,            0.000958
                 276,            0.041394,             0.11881,            0.019299,             0.85703,              0.7971,             0.78572,             0.59579,            0.048319,              0.2094,            0.026852,            0.000925,            0.000925,            0.000925
                 277,            0.041456,             0.11598,            0.019482,             0.85713,              0.7974,              0.7847,             0.59312,            0.048337,             0.20994,            0.026893,            0.000892,            0.000892,            0.000892
                 278,             0.04142,              0.1188,            0.019261,             0.85647,             0.79739,             0.78416,             0.59451,              0.0483,              0.2105,             0.02698,            0.000859,            0.000859,            0.000859
                 279,             0.04122,             0.11505,            0.019393,             0.85628,             0.80145,             0.78511,             0.59466,            0.048331,               0.211,            0.027003,            0.000826,            0.000826,            0.000826
                 280,            0.041349,             0.11657,            0.019403,             0.85962,             0.79875,             0.78539,             0.59422,            0.048301,             0.20996,            0.026944,            0.000793,            0.000793,            0.000793
                 281,            0.042269,             0.12144,            0.019806,             0.85948,              0.7976,             0.78529,             0.59424,            0.048307,             0.21007,            0.027013,             0.00076,             0.00076,             0.00076
                 282,            0.041926,             0.12085,              0.0197,             0.85976,             0.79669,             0.78577,             0.59539,            0.048319,             0.21063,            0.027033,            0.000727,            0.000727,            0.000727
                 283,              0.0423,              0.1205,            0.019852,             0.85826,             0.79833,             0.78606,             0.59562,            0.048252,             0.21038,            0.026945,            0.000694,            0.000694,            0.000694
                 284,             0.04134,             0.11912,            0.019463,             0.85955,             0.79881,             0.78621,             0.59688,            0.048215,             0.20974,               0.027,            0.000661,            0.000661,            0.000661
                 285,            0.042211,              0.1206,            0.020035,             0.85817,             0.80032,             0.78581,             0.59505,            0.048255,             0.21067,            0.027019,            0.000628,            0.000628,            0.000628
                 286,            0.040617,             0.11695,            0.018861,             0.85727,              0.8015,             0.78573,              0.5932,            0.048319,             0.21201,            0.027046,            0.000595,            0.000595,            0.000595
                 287,             0.04161,             0.11874,            0.019442,             0.85908,             0.79855,             0.78517,             0.59437,            0.048275,             0.21128,            0.026978,            0.000562,            0.000562,            0.000562
                 288,            0.042089,             0.12053,            0.019524,             0.86153,             0.79695,             0.78577,             0.59623,            0.048207,             0.20927,            0.026978,            0.000529,            0.000529,            0.000529
                 289,            0.040677,             0.11603,            0.018745,             0.86084,             0.79671,             0.78552,              0.5971,            0.048214,             0.20955,            0.027034,            0.000496,            0.000496,            0.000496
                 290,            0.041116,             0.11977,            0.019396,             0.85864,               0.799,             0.78587,             0.59596,             0.04819,             0.20971,            0.027053,            0.000463,            0.000463,            0.000463
                 291,            0.042033,             0.11538,            0.019275,             0.85993,             0.79803,             0.78611,             0.59477,            0.048213,             0.20982,            0.026987,             0.00043,             0.00043,             0.00043
                 292,             0.04176,             0.11724,            0.019639,             0.85747,             0.79847,             0.78574,             0.59684,            0.048154,             0.20997,            0.026971,            0.000397,            0.000397,            0.000397
                 293,            0.042067,             0.11722,            0.019616,             0.85966,             0.79897,             0.78572,             0.59596,            0.048224,             0.21046,            0.027042,            0.000364,            0.000364,            0.000364
                 294,            0.042311,             0.12022,            0.019493,             0.86182,             0.79725,             0.78616,             0.59644,            0.048193,             0.21029,             0.02703,            0.000331,            0.000331,            0.000331
                 295,            0.042488,             0.12311,            0.019744,             0.86215,             0.79673,             0.78695,             0.59732,            0.048179,             0.20999,               0.027,            0.000298,            0.000298,            0.000298
                 296,            0.042296,             0.11752,            0.019843,             0.86254,             0.79686,             0.78668,             0.59814,            0.048095,             0.20979,            0.026992,            0.000265,            0.000265,            0.000265
                 297,            0.041205,             0.11531,            0.019247,              0.8626,             0.79795,             0.78621,              0.5958,            0.048168,             0.21059,            0.027007,            0.000232,            0.000232,            0.000232
                 298,            0.042077,             0.11753,            0.019565,             0.86119,             0.79871,             0.78593,             0.59541,             0.04822,             0.21095,            0.027017,            0.000199,            0.000199,            0.000199
                 299,            0.041455,             0.11599,            0.019395,              0.8598,             0.79872,             0.78582,             0.59706,            0.048156,             0.21018,            0.027006,            0.000166,            0.000166,            0.000166
